Date,No dose,One dose,Two doses,Three or more doses,Date,NSW - Residence state - Number of people 50 and over with 1 dose,NSW - Residence state - Number of people 50 and over fully vaccinated,NSW - Residence state - Number of people 50 and over with three doses,Date,death_rate_0,death_rate_1,death_rate_2,death_rate_3,1,simple_death,mean,PI(2.5%),PI(97.5%),PI(10%),PI(90%)
2021/8/14,11,3,6,0,2021/7/28,1776096,722229,0,2021/8/14,0.991120462,0.284665902,0.830761434,,9.91E-06,2.86E+01,28.62068,19,40,22,36
2021/8/21,10,10,2,0,2021/8/4,1891054,869282,0,2021/8/21,1.005129174,0.97869192,0.230074935,,1.01E-05,2.90E+01,29.20401,19,40,22,36
2021/8/28,7,8,4,0,2021/8/11,2010312,1036015,0,2021/8/28,0.799416198,0.821104858,0.386094796,,7.99E-06,2.31E+01,23.04402,14,33,17,29
2021/9/4,25,9,7,0,2021/8/18,2131524,1210778,0,2021/9/4,3.313773235,0.97746827,0.578140667,,3.31E-05,9.56E+01,95.45546,77,115,83,108
2021/9/11,34,7,5,0,2021/8/25,2250256,1386786,0,2021/9/11,5.348476864,0.810682479,0.360545895,,5.35E-05,1.54E+02,154.1328,130,179,138,170
2021/9/18,50,9,5,0,2021/9/1,2347662,1534366,0,2021/9/18,9.288690648,1.106608172,0.325867492,,9.29E-05,2.68E+02,267.4076,236,300,247,289
2021/9/25,49,3,5,0,2021/9/8,2447734,1691736,0,2021/9/25,11.18167483,0.396826447,0.295554389,,0.000111817,3.23E+02,321.1688,286,357,298,344
2021/10/2,56,13,9,0,2021/9/15,2524418,1847221,0,2021/10/2,15.48959569,1.91967773,0.487218367,,0.000154896,4.47E+02,443.7884,403,486,417,471
2021/10/9,42,13,10,0,2021/9/22,2581534,1991630,0,2021/10/9,13.79686417,2.203748407,0.502101294,,0.000137969,3.98E+02,393.9224,356,433,369,419
2021/10/16,17,8,11,0,2021/9/29,2629394,2128851,0,2021/10/16,6.626207821,1.598264285,0.516710658,,6.63E-05,1.91E+02,188.7668,162,216,171,206
2021/10/23,19,3,7,0,2021/10/6,2666404,2243112,0,2021/10/23,8.654183387,0.708730616,0.312066451,,8.65E-05,2.50E+02,245.7903,216,277,226,266
2021/10/30,10,1,6,0,2021/10/13,2701120,2380752,0,2021/10/30,5.410347831,0.312141038,0.25202121,,5.41E-05,1.56E+02,153.452,130,178,138,169
2021/11/6,13,4,8,0,2021/10/20,2725076,2487498,2098.7855,2021/11/6,8.080808081,1.683657578,0.32187988,0,8.08E-05,2.33E+02,228.9107,200,259,210,248
2021/11/13,8,2,2,0,2021/10/27,2740292,2563007,6918.727729,2021/11/13,5.492279914,1.128127027,0.078244559,0,5.49E-05,1.59E+02,155.2985,131,180,139,171
2021/11/20,6,1,4,0,2021/11/3,2748931,2624704,14697.10864,2021/11/20,4.378922785,0.804977984,0.1532563,0,4.38E-05,1.26E+02,123.6698,102,146,110,138
2021/11/27,5,1,0,0,2021/11/10,2754700,2664345,25968.27627,2021/11/27,3.809494785,1.106745615,0,0,3.81E-05,1.10E+02,107.5705,88,128,94,121
2021/12/4,0,3,1,0,2021/11/17,2759734,2691107,41266.27601,2021/12/4,0,4.371457298,0.037738117,0,0,0.00E+00,0,0,0,0,0
2021/12/11,4,1,6,0,2021/11/24,2764347,2709534,58113.9549,2021/12/11,3.289365481,1.824384726,0.226293831,0,3.29E-05,9.49E+01,92.75742,74,112,81,105
2021/12/18,2,1,1,0,2021/12/1,2768056,2722665,75185.53134,2021/12/18,1.696424785,2.203079906,0.037771775,0,1.70E-05,4.90E+01,47.91818,35,62,39,57
2021/12/25,0,1,7,0,2021/12/8,2771484,2732398,98522.36774,2021/12/25,0,2.55846083,0.265768054,0,0,0.00E+00,0,0,0,0,0
2022/1/1,6,2,14,0,2021/12/15,2775128,2740077,135335.0215,2022/1/1,5.414038602,5.705971299,0.53748126,0,5.41E-05,1.56E+02,152.3777,129,177,137,168
2022/1/8,17,0,55,0,2021/12/22,2778729,2745892,241327.8268,2022/1/8,15.85495514,0,2.195990847,0,0.00015855,4.58E+02,451.0359,410,493,424,478
2022/1/15,35,4,86,18,2021/12/29,2781009,2748600,378262.0645,2022/1/15,33.35175621,12.34225061,3.628174646,4.758605657,0.000333518,9.63E+02,937.9115,878,998,899,977
2022/1/22,47,7,160,20,2022/1/5,2784243,2751869,482459.8707,2022/1/22,46.21072089,21.62228949,7.050293309,4.145422493,0.000462107,1.33E+03,1268.031,1199,1338,1223,1314
2022/1/29,79,12,220,65,2022/1/12,2788138,2755578,701796.0205,2022/1/29,80.7663603,36.85503686,10.71194519,9.261950496,0.000807664,2.33E+03,2142.397,2052,2234,2083,2202
2022/2/5,39,4,134,41,2022/1/19,2792340,2759405,1027097.376,2022/2/5,41.66177052,12.14513436,7.735346664,3.991831832,0.000416618,1.20E+03,1040.472,978,1104,999,1082
2022/2/12,51,4,77,37,2022/1/26,2796433,2763227,1344705.015,2022/2/12,56.97178221,12.04601578,5.428185168,2.751532833,0.000569718,1.64E+03,1379.573,1307,1453,1332,1427
2022/2/19,40,3,74,29,2022/2/2,2799624,2766425,1593644.478,2022/2/19,46.33544546,9.03641676,6.309791015,1.819728327,0.000463354,1.34E+03,1075.763,1012,1141,1034,1118
2022/2/26,14,0,34,12,2022/2/9,2802804,2769947,1791486.069,2022/2/26,16.83764898,0,3.474844925,0.66983496,0.000168376,4.86E+02,377.7594,340,417,353,403
2022/3/5,9,2,19,23,2022/2/16,2806133,2773590,1956728.123,2022/3/5,11.27565211,6.1457149,2.325974627,1.175431565,0.000112757,3.25E+02,249.9068,220,281,230,270
2022/3/12,10,0,26,12,2022/2/23,2809658,2776652,2072702.957,2022/3/12,13.10736241,0,3.693449158,0.57895416,0.000131074,3.78E+02,287.9869,255,322,266,310
2022/3/19,15,1,18,10,2022/3/2,2813059,2779579,2154704.371,2022/3/19,20.57838995,2.986857826,2.880577825,0.46410079,0.000205784,5.94E+02,447.9839,407,490,421,475
2022/3/26,6,0,12,18,2022/3/9,2815990,2782146,2213902.279,2022/3/26,8.576206744,0,2.111769925,0.813044016,8.58E-05,2.48E+02,184.0579,158,211,167,202
2022/4/2,19,1,25,26,2022/3/16,2818841,2785230,2254317.671,2022/4/2,28.31172702,2.975216447,4.708875389,1.153342332,0.000283117,8.17E+02,603.4649,556,652,572,635
2022/4/9,16,4,24,28,2022/3/23,2821563,2788245,2287457.218,2022/4/9,24.84935081,12.00552254,4.79244919,1.224066609,0.000248494,7.17E+02,518.7462,474,564,490,548
2022/4/16,24,0,19,40,2022/3/30,2823910,2790707,2316734.532,2022/4/16,38.684096,0,4.00867166,1.726568126,0.000386841,1.12E+03,793.0318,738,849,757,829
2022/4/23,19,6,13,40,2022/4/6,2825737,2792561,2338968.959,2022/4/23,31.55412363,18.08536291,2.866011487,1.710155231,0.000315541,9.11E+02,628.7724,580,678,597,661
2022/4/30,13,2,14,52,2022/4/13,2828015,2794828,2355230.139,2022/4/30,22.43855289,6.026456142,3.184728872,2.207852181,0.000224386,6.48E+02,436.9216,396,478,410,464
2022/5/7,20,3,17,61,2022/4/20,2830573,2797345,2365222.004,2022/5/7,36.1154249,9.028530155,3.934065106,2.579039088,0.000361154,1.04E+03,691.7905,640,744,658,726
2022/5/14,15,1,14,58,2022/4/27,2833034,2799763,2372426.911,2022/5/14,28.34627813,3.00562051,3.276109919,2.444753924,0.000283463,8.18E+02,528.7787,484,575,499,558
2022/5/21,14,1,23,47,2022/5/4,2835505,2802224,2380224.901,2022/5/21,27.75244816,3.004717406,5.450248603,1.974603323,0.000277524,8.01E+02,507.03,463,552,478,536
2022/5/28,13,1,18,65,2022/5/11,2837982,2804650,2387641.647,2022/5/28,27.10083596,3.000120005,4.316460299,2.722351576,0.000271008,7.82E+02,485.1669,443,529,457,514
2022/6/4,19,0,11,53,2022/5/18,2840446,2807004,2394326.038,2022/6/4,41.75365344,0,2.665516701,2.213566539,0.000417537,1.20E+03,732.882,680,787,698,768
2022/6/11,11,1,16,50,2022/5/25,2842833,2809310,2400824.017,2022/6/11,25.51138736,2.983026579,3.916903068,2.082618286,0.000255114,7.36E+02,434.1643,394,475,408,461
2022/6/18,1,2,14,58,2022/6/1,2845135,2811541,2406813.116,2022/6/18,2.4500196,5.953444067,3.459114272,2.409825658,2.45E-05,7.07E+01,40.9313,29,54,33,49
2022/6/25,12,1,17,73,2022/6/8,2847403,2813729,2412172.069,2022/6/25,31.13001972,2.969650175,4.233521747,3.026318103,0.0003113,8.98E+02,519.0305,475,564,490,548
2022/7/2,16,1,17,78,2022/6/15,2849690,2815923,2416486.39,2022/7/2,44.12454152,2.961471259,4.255994462,3.227826994,0.000441245,1.27E+03,719.1792,667,773,685,754
2022/7/9,11,3,18,60,2022/6/22,2852046,2818201,2420304.02,2022/7/9,32.44359239,8.863938543,4.523784021,2.479027407,0.000324436,9.36E+02,511.8699,468,557,483,541
